id,title,album,artist,genre,country,released,duration,released-timestamp,duration-float
702481615,Armatage Shanks,Dookie: The Ultimate Critical Review,Green Day,Rock,Europe,2005,,1104527600,
888221515,Old Folks,Six Classic Albums Plus Bonus Tracks,Harold Land,Jazz,Europe,2012,6:26,1256998400,6.26
1282412601,คำขอร้อง,สำเนียงคนจันทร์ / เอาเถอะถ้าเห็นเขาดีกว่า,อิทธิพล บำรุงกุล,"Folk, World, & Country",Thailand,,,,
190889200,Track 1,Summer Breeze,Dreas,Funk / Soul,US,2008,18:56,1199145600,18.56
812645611,Slave (Alternative Version),Honky Château,Elton John,Rock,Europe,,2:52,,2.5200000000000002
294018506,Sex & Geld,Trackz Für Den Index,Mafia Clikk,Hip Hop,Germany,2006,5:02,1126072600,5.02
1522481802,Pisciaunella,Don Pepp U Pacce,Giovanni Russo (2),"Folk, World, & Country",Italy,1980,,215522800,
862296712,不知,Kiss 2001 Hong Kong Live Concert,Various,Electronic,Hong Kong,2002-04-12,,1018656000,
467946422,Rot,Be Quick Or Be Dead Vol. 2,Various,Electronic,Serbia,2012-06-20,1:00,1271686400,1
1222854802,"Simulation Project 1, ツキハナ「Moonflower」",Unlimited Dream Company,Amun Dragoon,Electronic,US,2018-04-10,2:44,1522218400,2.44
225115704,Doctor Vine,The Big F,The Big F,Rock,US,1989,5:29,599616000,5.29
249025222,"Ringel, Ringel, Reihe",Kinderlieder ABC - Der Bielefelder Kinderchor Singt 42 Lieder Von A-Z,Der Bielefelder Kinderchor,Children's,Germany,1971,,21526000,
710094000,Happy Safari = Safari Feliz,Safari Swings Again = El Safari Sigue En Su Swing,Bert Kaempfert & His Orchestra,Jazz,Argentina,1977,2:45,220924800,2.45
528622700,Take Me Up,Spring,Various,Electronic,US,2000,2:06,946684800,2.06
1556505508,Doin To Me ( Radio Version ),Say My Name,Netta Dogg,Hip Hop,US,2005,,1104527600,
1067021900,Concerto For Balloon & Orchestra / Concerto For Synthesizer & Orchestra,Concerto For Balloon & Orchestra And Three Overtures,Stanyan String & Wind Ensemble,Classical,US,1977,,220924800,
127251914,"I Love The Nightlife (Disco 'Round) (Real Rapino 7"" Mix)",The Adventures Of Priscilla: Queen Of The Desert - Original Motion Picture Soundtrack,Various,Stage & Screen,US,1994,2:21,757282400,2.21
554982904,Walking On The Moon,Certifiable (Live In Buenos Aires),The Police,Rock,Malaysia,2008-11-00,,1225497600,
557616002,Two Soldiers,Jerry Garcia / David Grisman,David Grisman,"Folk, World, & Country",US,2014-04-00,4:24,1296210400,4.24
878926809,When You Gonna Learn,Live At Firenze 92,Jamiroquai,Funk / Soul,France,2004,12:01,1072915200,12.01
268960707,Sardo D.O.C.,Sardinia Pride Compilation Vol.2,Various,Hip Hop,Italy,2012-06-22,4:41,1240222200,4.41
1416041212,Sympathy For The Devil,Under Cover,Ozzy Osbourne,Rock,Russia,2005,7:11,1104527600,7.11
1260509200,Grosse Overturen,noxious effects garanty,Nocif (2),Rock,France,1990,,621152000,
1466281224,Πρινιώτης,Μουσικά Πατήματα Της Κρήτης,Αντώνης Μαρτσάκης,"Folk, World, & Country",Greece,2019,,1546200800,
256009724,Here I Stand And Face The Rain (Demo),Hunting High And Low,a-ha,Electronic,UK & Europe,2010-07-22,,1279842200,
565252008,Born Free,At His Best Goldfinger,The Royal Philharmonic Orchestra,Blues,Japan,1976,,189202400,
492519701,Others,Where Did She Go,Stephan Sulke,Rock,US,1965,2:42,-157766400,2.42
1268208902,Electric Fires,All That Divides,Black Peaks,Rock,UK,2018-10-05,2:22,1528697600,2.22
1077074411,Your Summer Dream,Surfer Girl,The Beach Boys,Pop,Australia,2012-09-24,,1248444800,
1275072979,Untitled,Die Legenden Der Albae: Tobender Sturm,Johannes Steck,Non-Music,Germany,2014,6:49,1288524400,6.49
826446602,Salvaje,Introglicerina,Seguridad Social,Rock,France,1990,,621152000,
180155008,Man,Bajzel,Bajzel,Rock,Poland,2007,2:27,1167609600,2.27
949980604,Ebb Tide,21Channel Sound,David Rose & His Orchestra,Pop,US,1962,,-252460800,
1241480200,Things,Things / Is There A Missing Piece,Donny Mann,Funk / Soul,Canada,1972,2:15,94694400,2.15
28028907,Waving My Arms In The Air,Barrett,Syd Barrett,Rock,UK & Europe,2004,2:07,1072915200,2.07
259975218,The Hand,The Lost Patrol. Virginia City,Max Steiner,Stage & Screen,Europe,1995,2:29,788918400,2.29
810688602,We Don't Need Another Hero,Split Tape,Rottingrex,Rock,France,2014,,1288524400,
1225622907,Our Place In The Sun,Unity Drum,Dissident (2),Rock,US,2018-07-12,,1521440000,
406467204,Riders On The Storm (Album Edit),U.S. Dance Party - Vol. 4,Various,Electronic,US,1995,6:25,788918400,6.25
158441000,Take Time To Know Her,Take Time To Know Her,Ninjaman,Reggae,US,1988,,567992600,
992096712,Suddenly,Midnight Soul,Various,Funk / Soul,US,1997,2:51,852076800,2.51
244054502,Straight From My Heart,Huang Chung,Wang Chung,Electronic,Italy,1982,2:48,278691200,2.48
894880217,Черное Знамя (Live In Paris),Ва-Банкъ MP2,Ва-Банкъ,Rock,Russia,2005,2:48,1104527600,2.48
767521501,L'Inganno,Eclissi,A Piedi Nudi,Rock,Russia,2006,4:56,1126072600,4.5600000000000005
785246800,Got It Covered,Songs Of The Next Great Depression,Barry Melton,"Folk, World, & Country",Germany,1991,2:41,662688000,2.41
499471800,Collateral,Collateral,Mickmag & Justbob,Electronic,Netherlands,2012-09-16,5:29,1279289600,5.29
1251220502,Can't Wait,Rosebud e​.​p.,Poncho+Casino Tart,Funk / Soul,Japan,2016-10-09,2:24,1475971200,2.24
260552204,Сюита В Фа-Миноре,Своя Игра,Арсенал,Rock,Russia,2007,,1167609600,
1222242909,Had It All,Sunday Morning Record,The Band Of Heathens,"Folk, World, & Country",,2012-09-17,4:22,1279276000,4.22
1254489900,"Hollywood Bowl, Los Angeles, CA, U.S.A. August 22, 1964",The Lost Hollywood Bowl Films,The Beatles,Non-Music,Japan,2018,,1514764800,
1584961721,Man In My Life,Fear Of Flying,Mya,Pop,,,,,
1190621208,Little Bit Of Nothing,All By Myself,Kevin Klimek,Rock,US,,2:57,,2.57
1254207002,Big Jim Salter,Niagara,Stone The Crows,Rock,Luxembourg,1990,15:41,621152000,15.41
1178647108,Riprendiamoci La Vita,Irreale Realtà,Kina (4),Rock,Italy,2018,,1514764800,
762725104,La Paloma,Party-Time,The Happy Sound Singers,Pop,Germany,1974,2:12,126220400,2.12
402227720,Tu Barayem Moqadasi,Volumes 2 & 2: The King Of 70's Afghan Pop!,Ahmad Zahir,"Folk, World, & Country",Spain,2012,7:22,1225276000,7.22
252928200,Les Eléments,Les Eléments / Sonate Pour Violon / Suite No.2 / Sonate En Ré Mineur (Extraits),André Jouve,Classical,France,1974,,126220400,
672676501,Come Back To The West Indies,We Calypso,Wild Fire,Reggae,Trinidad & Tobago,1976,2:10,189202400,2.1
1151867006,A Fine Romance,Interchanges '54,Dave Brubeck,Jazz,US,1991,2:49,662688000,2.49
625510418,Untitled Excert,Games For May,Pink Floyd,Rock,US,1999,,915148800,
502485601,What Makes A Man,Larcange Plays Aznavour,Maurice Larcange,Pop,Italy,1975,4:20,157766400,4.2
522228202,Ritmo Callejero (Calagad 12 Rmx),Super Spanish Combo Remixed,Super Spanish Combo,Funk / Soul,Spain,2012-06-16,,1271240800,
122408607,Magic In You,This Is Mellow II,Various,Electronic,Netherlands,1994,6:11,757282400,6.11
885869000,Foi Daquele Jeito,Nem Te Conto,Lucas Lucco,"Folk, World, & Country",Brazil,2012-12-17,2:05,1287228400,2.05
407269201,Gotta Run Home,Hollywood Underground,The Impulse Int'l,Rock,Finland,2008,,1199145600,
585206612,Overture To Fiddler On The Roof:,All-Star Piano Magic,Various,Pop,US,1980,,215522800,
65650222,Traumtänzer,Nachtschwärmer 5,Various,Rock,Germany,2002,,1009842200,
1257484006,I'm So Happy Here Without You,Mothernight,Make Like a Tree,"Folk, World, & Country",Ukraine,2019-02-21,5:24,1552126400,5.24
208827701,Der Totmacher,Der Totmacher,Postmortem,Rock,Germany,1996,,820454400,
1227956805,Mi Último Adiós,Corazón Prsionero,Duo Bowen-Villafuerte,Latin,Colombia,,,,
889478104,Tonto Malembe,Ortiga,Ortiga,"Folk, World, & Country",Mexico,1980,2:24,215522800,2.24
1200422104,How Can I Tell Her,As 14 Mais Da Difusora - Vol. II,Various,Pop,Brazil,1974,4:14,126220400,4.14
450282202,Untitled (Mix 2),Untitled,Unknown Artist,Electronic,,,,,
248910107,Circlings,Beyond Words,Bobby McFerrin,Pop,US,2002,1:12,1009842200,1.12
1568894000,Dream Baby,Dream Baby,Blue Janes Trio,Rock,US,,,,
1572980202,I Don't Believe In If Anymore,New World In The Morning,Roger Whittaker,"Folk, World, & Country",Netherlands,,,,
224961705,Evening (Artur Grek & Tim F.Resh Remix),StruCTS 4,Various,Electronic,,2011-11-25,7:22,1222179200,7.22
542969802,On Springfield Mountain,Songs Of The American Land,Salli Terri,"Folk, World, & Country",US,,,,
796005909,You Can Do It (Dapper Dan),Jazz Jazz Jazz You Can Do It,Nilo Toledo,Funk / Soul,US,,,,
265499809,Elegy,Stormwatch,Jethro Tull,Rock,Japan,1979,2:20,282996800,2.2
1267907200,Intro,When Worlds Collide,The Monstrosities (2),Rock,Austria,2018-07-09,01:24,1521094400,1.24
125219925,Fifth Chorus,Enclosure Five,Harry Partch,Classical,US,1998,2:10,882612800,2.1
419960720,Hiroshima,Le Métèque…,Georges Moustaki,Pop,France,,2:40,,2.4
1464778512,Deux,Positronic Collective (Unmixed),Various,Electronic,US,2015-08-02,6:48,1428560000,6.48
1228024506,Sometimes I Love You,The Kids & Me,Billy Preston,Funk / Soul,Japan,1979,2:14,282996800,2.14
148616601,Baby Baby Baby (Pitou Remix),Baby Baby Baby - The Remix EP,Bella (5),Electronic,US,2008-07-00,5:25,1214870400,5.25
1065721800,Maybe In Love Again,Maybe In Love Again,George Baker Selection,Pop,Germany,1979,2:24,282996800,2.24
422578202,Spirit Crusher,The Sound Of Perseverance,Death (2),Rock,Russia,1998,,882612800,
548928202,Renaissance - Medieval,Art Gallery,Peter White,Stage & Screen,UK,1992,,694224000,
77098404,The Shadow Of Your Smile,Vulnerable,Marvin Gaye,Funk / Soul,Europe,1997,2:08,852076800,2.08
1582690209,Lover Boy/Lover Girl,Farstucker,Lords Of Acid,Rock,Belgium,,2:21,,2.21
1121625206,ハートのイアリング,Snow Garden,Seiko Matsuda,Pop,Japan,1987-11-21,,564451200,
542047802,Eye Level,The Best Of Tv Themes Boogie Style Plus The Entertainer,The Boogie Boys (6),Stage & Screen,UK,1974,,126220400,
282209022,Voodoo Eyes,The Glam Singles Collection,Hello,Pop,UK,,,,
1612222616,Psaume 142,remplis-moi de ta presence,Stéphane Quéry,"Folk, World, & Country",Canada,,,,
112455602,I Got You (I Feel Good),Soul Fountain,Clifford Jordan,Jazz,US,1970,,0,
600222002,Agam,Agam,Rishi Ranjan,"Folk, World, & Country",UK,2012-06-12,8:40,1271081600,8.4
502244604,Walk On By,Guitar Boogie,Arthur Smith (2),"Folk, World, & Country",Italy,1972-10-00,,118281600,
906281711,Blues For Nelly,Slow Apres Minuit,Aldo Ferreri Son Sax Et Son Orchestre,"Folk, World, & Country",France,,2:45,,2.45
1189250626,Angie,Forty Licks,The Rolling Stones,Pop,US,2002,,1009842200,
719809802,Echo Mia Dekara Tripia,Griechenland = Grèce,Various,"Folk, World, & Country",Switzerland,,,,
296811408,This Is My Life,Mr. Jones,Tom Jones,Pop,Europe,2002,2:20,1009842200,2.2
1246251504,Have A Good Time,Greetings From Skamania,The Skatalites,Reggae,US,2019-04-12,2:55,1555112600,2.55
209482507,That's The Way Love Is,Ace DJ Remix Service Volume 9,Various,Electronic,Australia,1996,7:22,820454400,7.22
705298210,Joninės,Tau,Genovaitė Švabienė,Pop,Lithuania,1999,,915148800,
662896200,We're Dancin' (Radio Edit),We're Dancin',BeBe (9),Electronic,Germany,1995,2:26,788918400,2.26
229294407,Only The Good Die Young,Seventh Son Of A Seventh Son,Iron Maiden,Rock,Europe,1988,,567992600,
541586209,Lightnin' Bug,Don't Mess With The Blues,Various,Blues,Europe,1994,,757282400,
527612207,Hunter And The Hunted,New Gold Dream (81-82-82-84),Simple Minds,Pop,Poland,1991,5:55,662688000,5.55
1062228502,More Than You Know,Some Of My Best Friends Are...Singers,Ray Brown Trio,Jazz,US,1998,5:20,882612800,5.2
241197909,Come Around,Activity Center,Tahiti 80,Pop,France,2008,,1199145600,
1520826608,Nardwuar Glocc,Waterdamage,Ouija Macc,Hip Hop,US,2019-10-21,2:29,1572480000,2.29
422968801,Das Jahr Schnee,Feuer Wasser & Posaunen,Herbst In Peking,Rock,Germany,1997,4:52,852076800,4.52
524624702,Dywizjon Huzarów Śmierci,W Nas Stali Hart,White Devils,Rock,Poland,2012,,1256998400,
1279952100,Wither,The Fear Unknown,Cryptic Rising,Rock,US,2019-02-01,2:52,1548979200,2.5200000000000002
482069229,極楽とんぼの詩,Original 都 Style From Kyoto Dub Plate Mix #1,アシュラ式,Reggae,Japan,2007,02:52,1167609600,2.52
297744008,Blood,Introduce Yourself,Faith No More,Rock,Canada,1987,2:29,526457600,2.29
1512522808,"Oh, Lord! Reprise",The End Cometh Legacy Edition,Hot Lava Monster,Rock,US,2020-01-01,2:02,1577826800,2.02
529925402,If I Can't Make You Smile,Tymes Up,The Tymes,Funk / Soul,Spain,1976,2:54,189202400,2.54
120926201,I Wanna Make Love 2U,Micmac Future Dance Classics,Various,Electronic,US,,,,
662770202,The Saxophonist (Original Mix),Ibiza World Club Tour - CD Series Vol. 2,Various,Electronic,Germany,2010-12-00,,1291161600,
216579202,Nub,Section EP,Murmur,Electronic,UK,2006,,1126072600,
967218121,Стреляйте Сами,15 Лет - Крепкие Зубы И Острые Когти,Тараканы!,Rock,Russia,2007,,1167609600,
268228005,Na Hi Es,Back To Beginning,Cochise (14),Rock,Poland,2012-05-14,5:16,1226952600,5.16
819222608,Coffee Chords,Madagascar,Sylvin Marc,"Folk, World, & Country",UK,2002,6:21,1041279200,6.21
779552206,Justice,O Lucky Man! - The Original Soundtrack,Alan Price,Stage & Screen,France,1972,,94694400,
1228582701,Sur La Trace Des Fées,Emile Jacotey,Ange (4),Rock,France,,4:48,,4.48
715120206,Vs-Perplexx 8tel RR,Rapsparring-Audiopaket,Petschino,Hip Hop,Germany,2014-09-08,4:24,1410124400,4.24
991002421,"Christum Wir Sollen Loben Schon, BWV 611",Deutsche Barock Weihnacht = Un Noël Baroque Allemand = German Baroque Christmas,Bernard Foccroulle,Classical,Belgium,2006,2:04,1126072600,2.04
682686801,"Quid Petits, O Fili?",A Gentill Thesu,Edgar Fleet,Classical,UK,1985,7:45,472285600,7.45
699967906,Silent Prayer,Inner Child,Shanice,Hip Hop,Brazil,1992,5:02,694224000,5.02
619069421,You're The One (Matt Hewie Airplay),Bodywork (22 Hit-Tracks To Pump Your Body),Various,Electronic,Sweden,2010,,1262204000,
272118509,Pyramids,channel ORANGE,Frank Ocean,Pop,Europe,2012-07-20,9:52,1242742400,9.52
182121007,Captain Coconut,Crash Landing,Jimi Hendrix,Rock,US,1975-00-00,4:06,157766400,4.06
867274400,"You're My Heart, You're My Soul	5:26",The 1st Album,Modern Talking,Pop,Malaysia,1985,,472285600,
517268402,Blood Sweat & Circle Pits,Beginning New (Fall 2012 Demo),Desiring Dead Flesh,Rock,US,2012,1:08,1256998400,1.08
1179904209,Something's Gotta Give,"""...My Huckleberry Friend"" - Johnny Mercer Sings The Songs Of Johnny Mercer",Johnny Mercer,Pop,US,,,,
1476604402,Kbala,سطوب بركة   Stop Baraka,Darga Ouled Cha2b Sound System,"Folk, World, & Country",Morocco,2008,,1199145600,
722758715,The Coma Machine,Rock Tribune 147,Various,Rock,Belgium,2015-07-00,,1425708800,
60949509,Deep Into The Vibe (Deep Into The Vibe Keys Mix),Global Groove: Clubland - Razor,Various,Electronic,US,2002,6:06,1009842200,6.06
1607482810,Love Gone Cold,Gasoline,The Hard Lessons,Rock,US,,4:15,,4.15
180277215,The Clapping Song,Disco Beach Party (All Your Favourite Sunshine Hits),Various,Pop,UK,1985,,472285600,
1556149409,52nd Street Theme,1949-1950,Bud Powell,Jazz,France,2001,2:50,978207200,2.5
1257860405,Bratislava Part 1,Jaromírova. The Prague Session.,Die Stadt,Electronic,Spain,2018,,1514764800,
575095402,Zwischenspiel,Alle Jahre Wieder - Die Schönsten Weihnachtslieder,Unknown Artist,Classical,,,0:25,,0.25
1459500715,下一站天后,男人心女人泪,Various,Pop,China,2002,,1041279200,
1561028800,Airtight Angels,Winks & Kisses: Crackled+,Airiel,Rock,,2017-08-07,4:44,1502064000,4.44
742942407,Deutschland Brennt,Deutschland Brennt,Kennzeichen D (2),Rock,Germany,1995,,788918400,
122052401,Sweet Music Man,You Were A Good Friend / Sweet Music Man,Kenny Rogers,"Folk, World, & Country",US,1982,4:16,410227200,4.16
274198605,Saviour Machine,The Man Who Sold The World,David Bowie,Pop,Greece,1990,4:29,621152000,4.29
667201115,Love Before I Die,Tattoos,Jason Derulo,Pop,Australia,2014-04-14,2:46,1297422600,2.46
42486906,Planet Sex (Legs Mix),Planet House EP,Laurent Garnier,Electronic,Europe,1997,6:00,852076800,6
1210876010,EWU II,More Originals,Tobe Nwigwe,Hip Hop,US,2018,2:01,1514764800,2.01
252285601,La Fiera Del Perdono,Bobby Folk,Bobby Solo,"Folk, World, & Country",Italy,1970,,0,
789915707,The Sting Of The Bee,La Romantica Voz De Tito Rodriguez El Piano Artistico De Jose Melis,José Melis,Latin,US,,2:48,,2.48
506220018,Old Man,Decade,Neil Young,Rock,Europe,,2:21,,2.21
908688001,Dancing In The City,Free Ride,Marshall Hain,Pop,Germany,1978,,252460800,
252067402,Mighty Wind (Dub Or Dub Mix),Mighty Wind,Space 2-000,Electronic,Belgium,1996,,820454400,
48458001,Not At Home Anymore,On A Ghostship To Hollywood,Les Chiens Comiques,Rock,Belgium,1997,,852076800,
1121457110,Walkin' Down The Road,Best Of The Ozark Mountain Daredevils (Nuclear Fishin'),The Ozark Mountain Daredevils,Rock,New Zealand,1981,,247155200,
1278621602,Iyahbhoone (Plan K),Clear Your Screens,Biting Tongues,Rock,UK,2020-07-10,6:25,1594229200,6.25
1261858402,Dean and Graham,Noise: Original Soundtrack,Bryony Marks,Stage & Screen,Australia,2007,2:44,1167609600,2.44
518052861,Wimoweh,Ataypura - 76 Hits And Rarities From The Goddess Of Exotica,Yma Sumac,"Folk, World, & Country",Germany,2012-08-21,2:29,1246271200,2.29
179506500,Alpha Ralpha Boulevard,Flygnivå 450 - Musiken Ur Filmen,Ralph Lundsten,Stage & Screen,Sweden,1980,6:16,215522800,6.16
695057010,The Driver (Part 2),The Driver,Terry Reid,Blues,UK & Europe,1991,4:26,662688000,4.26
522060010,Blue,Het Beste Van Kid Safari,Kid Safari,Pop,Belgium,1998,2:18,882612800,2.18
1270007715,Power Of The Laser Dragon Fire (Symphonic Version),Legends From Beyond The Galactic Terrorvortex,Gloryhammer,Rock,Europe,2019-05-21,,1559260800,
702279409,Je Bent Niet Rijk,Hanny - Truus - Conny - Samantha - Corry - Riwi's - Wilma - Anja - Marijke,Various,Pop,Netherlands,1972,,62072000,
544128906,Slop Bucket,Return Of The Thin Man,Noble Watts,Blues,US,1987,4:20,526457600,4.2
1527957801,This Is The New Shit,The Matrix Reloaded (Music From And Inspired By The Motion Picture),Various,Classical,Turkey,2002-04-29,04:20,1051574400,4.2
1472255606,"I Looked, And Behold A White Cloud*",In The Heavenly Kingdom,Healey Willan,Classical,Europe,2006,7:16,1126072600,7.16
1008554401,Question With No Answer,Upon The Wings Of Music,Jean-Luc Ponty,Jazz,US,,2:25,,2.25
522119400,There's No Place To Hide,Everything (That's Mine),The Motions,Rock,Netherlands,1966,,-126220400,
1252494722,Hillbilly French,Split Mix,Jeremy-Pastell,"Folk, World, & Country",Germany,2019,,1546200800,
1594899202,Come Back To Me (Instrumental),Come Back To Me,Janet Jackson,Hip Hop,Australia,1989,5:15,599616000,5.15
146958808,That's How You Rap,The Labor Union,King Syze,Hip Hop,US,2008-08-05,2:26,1217894400,2.26
1482628202,Act.2. Scene 1: Lunge Da Lei...De' Mieri Bollenti,La Traviata (Highlights),John Pritchard,Stage & Screen,Australia,1972,,94694400,
457088109,Marionette With Broken Strings,& The Story Of The Insects,The Hermitt,Rock,US,2002,2:20,1041279200,2.2
227066014,Someone's Watching Over Me,Hilary Duff,Hilary Duff,Pop,Asia,2004,,1072915200,
769729100,Overture,Snow White And The Seven Dwarfs,Various,Stage & Screen,US,1968,,-62158400,
294187402,Bass Patrol Chillin',Rock This Planet,Bass Patrol,Hip Hop,US,1988,,567992600,
491856802,Challenging Me,For The Love Of Music,Mike Park,Rock,US,2002,,1041279200,
1492495708,Try Matty's,Spirit In The Dark,Aretha Franklin,Funk / Soul,New Zealand,1970,2:28,0,2.2800000000000002
1272511701,Wonderful Tonight,Slowhand,Eric Clapton,Rock,Canada,,2:41,,2.41
1461444511,So Wie Ein Bim-Bam-Bumerang,Starportrait,Peter Alexander,Pop,Germany,,,,
1472874002,Tornado Spiral,GIRLS,EXO-CBX,Pop,Japan,2017-05-24,2:29,1495584000,2.29
198502905,Dallas Skit,Murdoc,Cuthead,Hip Hop,Germany,2008,1:02,1199145600,1.02
1027612201,All Blues,Rock Swing - Hot Feeling,Various,Funk / Soul,Italy,1999,12:24,915148800,12.24
1252952705,Sun's Gonna Shine In My Back Door Some Day,Folk Songs Of Our Land,Flatt & Scruggs,"Folk, World, & Country",US,1962,2:18,-252460800,2.18
248627517,Allegro Non Molto,6 Concertos,James Galway,Classical,Europe,1989,2:44,599616000,2.44
425756602,Show Me The Love,Never Too Drunk To Funk,Defunk,Funk / Soul,Canada,2012-02-04,4:42,1262255200,4.42
710419907,Darn That Dream,Johnny Nash,Johnny Nash,Pop,US,1958,2:05,-278691200,2.05
650228805,Rhapsody In Beauty,Rhapsody In Beauty,The Novembers,Rock,Japan,2014-10-15,5:42,1412221200,5.42
17750201,Junkie Monkey,One On One / Junkie Monkey,Eufex,Electronic,UK,2000,,946684800,
197226905,Gare De L'Est Orient Express,Intertwining Spirits,Sam Rivers,Jazz,France,1982,2:14,410227200,2.14
1266566602,Bãli Sol,Valahol Nagyon Messze,Bãli Sol,Latin,Hungary,2005,4:18,1104527600,4.18
697590104,Where Do I Begin,Golden Retro Hits 2,Various,Pop,Russia,,,,
564640707,Half Hollow,Nnon,The Woken Trees,Rock,Denmark,2012,,1256998400,
255195412,From Paris To Berlin,Pioneer The Album Vol. 6,Various,Electronic,Spain,2005,2:40,1104527600,2.4
100222411,I Want Your Sex,Nights In Heaven (The Party Anthems),Various,Funk / Soul,UK & Europe,1995,4:47,788918400,4.47
1281120209,Night Lights,In Trance,Scorpions,Rock,UK,1976,2:14,189202400,2.14
661982100,Overture; Audition,42nd Street,Thomas Z. Shepard,Stage & Screen,Germany,,4:41,,4.41
1612425614,With Love To An Ex,Song Machine Season One,Gorillaz,Electronic,US,2020-10-22,2:01,1602411200,2.01
821648704,Picture Perfect,Make Believe,Platinum Weird,Pop,Ukraine,2007,4:06,1167609600,4.06
282175742,42 Hz,Kontrol,Bass Mekanik,Hip Hop,US,2012-06-01,0:10,1228508800,0.1
994222112,I'm Crazy For This Girl (Radio Edit),Dep Verano 2001 - Artistas Anglo,Various,Pop,Argentina,2001,2:25,978207200,2.25
1066422516,Look Away,The Left Hand,Freddy-P,Hip Hop,"USA, Canada & Europe",2017-04-17,,1492287200,
915472811,Dear Eliza,Brawl In Paradise,Elyas Khan,Pop,Europe,2012,,1256998400,
214800212,Renown,Lone Wolf,Prowla,Hip Hop,Australia,2006,,1126072600,
1128747401,Milord,Piaf,Erna Palsterman,Pop,Belgium,1992,,694224000,
29922202,Move To The Bigband (Clubmix),Styles XL,Ben Liebrand,Electronic,Netherlands,2002-06-14,6:24,1055548800,6.24
227596100,Burnout,Dookie,Green Day,Rock,Europe,2009,2:07,1220768000,2.07
1272722802,Tere Ishq Mein Pagal,Humko Tumse Pyaar Hai,Dev Kohli,Stage & Screen,India,2005-10-00,,1128124800,
222229500,I Don't Know You,R.T.S,Remain The Same,Pop,Sweden,2000,2:46,946684800,2.46
1292886614,Outro,Make It Hot,Da Champ,Hip Hop,US,2002,,1009842200,
689698904,Black Rain (Unreleased Version),Treehouse Presents The Rare & Unreleased EP Vol 1,Headnodz,Hip Hop,UK,2015,,1420070400,
121422815,Freestyle,Freestyle 2 (Volume 2: Provinces),Cut Killer,Hip Hop,France,1998-02-00,,888710400,
1144542227,Signal: Larm,"Marscher, Visor Och Annat Välljud Ur Ingenjörstruppernas Musikaliska Arv",Various,Brass & Military,Sweden,2005,0:07,1104527600,0.07
141522701,The Night Before,"Chansons Du Film ""Help!""",The Beatles,Stage & Screen,France,1965,,-157766400,
549218922,Unbuttoned,"Button Box - 46 Responses To ""Air Buttons""",Various,Pop,UK,2012-12-12,2:00,1286806400,2
1049521700,Long White Cadillac,Just Lookin' For A Hit,Dwight Yoakam,"Folk, World, & Country",US,1989,5:20,599616000,5.2
780264747,Trance Visionary,Wishbone Ash 2-4,Wishbone Ash,Rock,Russia,2012,,1225276000,
1075464807,Sleepless,The Millennium Collection - The Best of Jann Arden,Jann Arden,Pop,Canada,2010-04-27,4:25,1272226400,4.25
805804112,Knocking On Heaven's Door,The Freddie Mercury Tribute,Various,Pop,UK & Europe,1992-11-22,,722476800,
1499606900,May The Bird Of Paradise Fly Up Your Nose,Wacky Westerns,Various,"Folk, World, & Country",US,2002,,1009842200,
660096128,Escape,Wanna Only Be Stupid Plots - Discography 1996-2000,Stupid Plots,Rock,Japan,2012,,1256998400,
517829612,Saving Privet Business,Vaatican Sampler 16,Various,Non-Music,France,2010,,1262204000,
1525422202,I Thought...,[demo cd from the album] Reinvent,Rubber Spanner,Pop,UK,2010,,1262204000,
871202802,Morning Glow (Beg),Music & Me,Michael Jackson,Funk / Soul,US,1972,2:55,94694400,2.55
229262946,Lawdy Miss Clawdy,1952,Various,"Folk, World, & Country",Germany,2008,,1199145600,
782499200,Clubber's Megamix,Clubber's Anthem = 狂舞年代,Various,Electronic,Taiwan,2008,,1199145600,
1181042102,Sequencer Improvisation (Bonus Track),Sp'roque,p'faun,Electronic,Germany,2018-02-18,,1518912000,
1260610016,Don't Blame Me,Billy Eckstine Together,Billy Eckstine And His Orchestra,Jazz,Japan,,2:52,,2.5200000000000002
1124862907,Allegretto,Klavierquintette,Franz Danzi,Classical,Europe,2007,,1167609600,
607647204,A Touch Of Evil,Retribution In Montréal,Judas Priest,Rock,Canada,2009,,1220768000,
1065847422,You Must Have Been,Hit Explosion (2002-4),Various,Pop,Netherlands,2002,2:52,1009842200,2.52
871061100,Гюльсара,Песни Алексея Экимяна,Вахтанг Кикабидзе,Pop,USSR,1981,2:00,247155200,2
146499204,Everyone Go,Leave Home,John Davis (2),"Folk, World, & Country",US,1995,,788918400,
154546102,Anything Goes,Chicago,Count Basie Orchestra,Jazz,Germany,1984,,441762200,
1121687601,Moonlight Densetsu (DJ Beta Remix),Anime Toonz Presents Kikuko Inoue,Kikuko Inoue,Electronic,US,2002,4:22,1009842200,4.22
297697906,Going After Her Regardless,Headphone Science Presents: The Seduction Of Sabrina's Modulation (A Headphone Romance),Headphone Science,Electronic,US,2005,5:46,1104527600,5.46
756856419,Krieg,Live 2007/08,Sandow,Rock,Germany,2009-02-27,,1225692800,
1291222712,Exclusive Club (Out On The Floor),Nothing Like It,Mark Mercer (2),Pop,US,2004,9:51,1072915200,9.51
212025256,Intermezzo F-Moll Op. 129 Nr.7,Kammermusik Und Orgelwerke,Max Reger,Classical,Germany,,,,
1521725202,Stronger In The End,Sooner Or Later,Sonny Knight & The Lakers,Funk / Soul,US,2016,,1451606400,
255646902,"""Merry Christmas Uncle! God Save You!""",A Christmas Carol,Jonathan Winters,Children's,US,2007,2:56,1167609600,2.56
674201809,Bandito,Calling Up Spirits,Dick Dale,Rock,US,1996-06-02,5:22,822760000,5.22
762292005,Portugese Washerwoman,A Certain Smile A Certain Sadness,Walter Wanderley,Latin,Australia,1966,1:20,-126220400,1.2
1254840709,Soft Comfort,The Visage Of Noise,Various,Electronic,US,2019,,1546200800,
1282227506,Asturias,Greatest Hits/The Guitar,John Williams (7),Classical,South Africa,1972,6:17,62072000,6.17
847462702,Babe,Icon 2 (Zinepak),Styx,Rock,US,2010,,1262204000,
475582201,Just Push Play,Just Push Play,Aerosmith,Rock,Europe,2001,2:52,978207200,2.52
1009664514,Are You Lonesome Tonight,Piano Moods,Various,Pop,,,,,
1272576504,Hout Vasthouden,Plezante Stoten,Yvonne Verbeeck,Non-Music,Belgium,,5:00,,5
1266227204,Funky Chicken,Amazing Underground 6,Various,Electronic,Singapore,2000,2:09,946684800,2.09
802526201,Tosca,La Bohème,Beniamino Gigli,Classical,Spain,1958,,-278691200,
1255759812,Aum Sweet Aum,Songs About Pathos / The Meaning Of Fife,Fordell Research Unit,Electronic,UK,2018-09-00,,1525760000,
670507208,"Что Будет, То Будет",Мечты Сбываются,Приключения Электроников,Pop,Russia,2014,,1288524400,
896845701,The Road To Freedom,The Road To Freedom,Chris De Burgh,Pop,Russia,,4:25,,4.25
1227145006,"Grim, Grinning Ghosts",Walt Disney World Resort Official Album,Various,Children's,US,2000,5:28,946684800,5.28
285418600,Handbags & Gladrags,Handbags & Gladrags,Chase (5),Rock,UK,1971-10-29,2:20,57542400,2.2
1528217400,One After 909,Rock'n'Roll Classics,Os Berbigão,Rock,Brazil,2000,,946684800,
472805012,July Morning,The Legend Continues... A Celebration Of Thirty Years In Rock,Uriah Heep,Rock,UK,2001,,978207200,
928628202,Wakker In Een Vreemde Wereld,Nederlandstalige Popklassiekers,De Dijk,Pop,Netherlands,2012-02-25,,1220128000,
871490006,The Black Widow,Rock 'N' Roll 'N' Rumble,Link Wray And His Ray Men,Rock,UK,1979,1:52,282996800,1.52
742040402,Find Me,On The Road,p'etra,"Folk, World, & Country",Netherlands,2012,4:22,1225276000,4.22
442894907,Promises Made,Tiffany,Tiffany,Pop,US,1987,,526457600,
1418864604,Bob,American Drugs & German Beers,NOFX,Rock,Europe,2019-09-24,,1569282200,
279094820,Meet The Beat Of My Heart,1925-1928,Gene Krupa And His Orchestra,Jazz,Europe,1994,2:28,757282400,2.28
1547719601,Oh!,Shanghai Shuffle: 20th Anniversary 1998-2018,Janet Klein And Her Parlor Boys,Jazz,,2018,,1514764800,
110129500,Don't Be Shy (Tom Neville Remix),Don't Be Shy,Spektrum,Electronic,UK,2007-10-00,,1191196800,
670469002,Hands Of Black Death,Dark Gods: Seven Billion Slaves,Von (2),Rock,"USA, Canada & UK",2012-02-22,06:14,1262910400,6.14
1282802702,Oliko Ne,Tiilat Retalehtaa,Tiilat Ja Pelimannit,"Folk, World, & Country",Finland,2008,2:42,1199145600,2.42
1105272802,Ritual (Nous Somnes Du Soleil),Tales From Topographic Oceans,Yes,Rock,Japan,1996-02-25,21:22,827712000,21.22
971548909,Locked In,Electric Eye,Judas Priest,Rock,Canada,2002,,1041279200,
911060010,Dem Naa (Radio edit),Dem Naa,Naby,Reggae,France,2010,4:11,1262204000,4.11
121926905,Cry Free,Powerhouse,Deep Purple,Rock,Italy,1978,2:08,252460800,2.08
1012481402,Blood Drops,Live & Acoustic,Lucky Boys Confusion,Rock,US,2007,,1167609600,
1190222715,Don't Keep Me Wonderin',"Live At The Atlanta International Pop Festival July 2 & 5, 1970",The Allman Brothers Band,Blues,Europe,2018-04-21,4:02,1524268800,4.02
468729000,The Funeral Hours,The Crowning Horror,Pest (5),Rock,Poland,2012-06-19,1:10,1271600000,1.1
244569254,Been So Long,The Doo Wop Box,Various,Rock,US,1992,,725846400,
762274806,Story Of Isaac,Live Songs,Leonard Cohen,Rock,Spain,1976,2:48,189202400,2.48
1226259410,Najkrajše Pesmi,Re-Belle: Posvečeno Edit Piaf,Boris Cavazza,Stage & Screen,Slovenia,2018-02-00,,1519862400,
1479487200,Side Underground,Antichrist Rise To Power,Departure Chandelier,Rock,US,2020,,1577826800,
1228026709,Happily Ever After,Mental Cuisine - The Appetizer,Prosperous (2),Hip Hop,US,2011,2:24,1292840000,2.24
1089214205,Baby I'm Yours,Holiday On Sunday,Various,Funk / Soul,Canada,2000,2:22,946684800,2.22
450422700,Can U Feel It (Lcd Radio Edit),Planet Dance 2,Various,Electronic,US,1998,,882612800,
262258700,Whatever Happens (Original Mix),Whatever Happens,Mark Leanings,Electronic,Ireland,2012-05-28,8:00,1228162200,8
1242766901,Chopper Slang,Promo Fieldzz,Various,Electronic,Brazil,1999,,915148800,
216621507,La Ira Del Viento,Dead Romantic Wave,Various,Pop,,2006,,1126072600,
1222245526,Kosolapaja Ljubov,Полная Коллекция Альбомов,Елена Ваенга,Pop,Russia,2010,2:04,1262204000,2.04
292666602,Eu Não Esqueço Nada (Memê Tv Acustico),Eu Não Esqueço Nada,Kid Abelha,Pop,Brazil,2002,4:20,1009842200,4.2
870782001,Lost In A Moment,Andromeda / Lost In A Moment,Breky (2),Electronic,US,2016-06-27,7:48,1466985600,7.48
248275506,Everyday People,A Natural Woman,Peggy Lee,Funk / Soul,US,,2:28,,2.28
1252072005,Farewell,The Metal Opera,Tobias Sammet's Avantasia,Rock,Russia,2018,6:22,1514764800,6.22
802216007,De Psychonaut,Tram 6,Zjuul Krapuul,"Folk, World, & Country",Belgium,2012,,1256998400,
224222915,Gewerkschafter-Blues,Adolf Hitler Lebt!,Gigi & Die Braunen Stadtmusikanten,Rock,Germany,2010,4:12,1262204000,4.12
1081200001,Barakacha,"Quiero, Quiero, Quiero / Barakacha",Los Gigantes (2),Rock,Uruguay,1970,,0,
1448085612,Double Dealing,Hidden Gems from Chess,Various,Blues,,2019,,1546200800,
229448101,Loot's The Root,Loot - Original Soundtrack,Steve Ellis,Stage & Screen,UK & Europe,1970,,0,
816202100,Katzen Im Weltall,Katzen Im Weltall,Cräsh Bändicoot,Hip Hop,Germany,2016-02-15,1:22,1455494400,1.22
225599802,Como Vengais!!!,Diffidati Con Noi,Various,Rock,Germany,2009,2:07,1220768000,2.07
441995502,Она Была В Париже,"Не Кричи Нежных Слов, Не Кричи...",Владимир Высоцкий,Pop,Russia,2012,1:24,1225276000,1.24
1265929401,Night Of The Fireflies,Tennessee Ten,Boz Hayward,"Folk, World, & Country",UK,2017,4:04,1482228800,4.04
285468201,The Red Wagon,Sound Games,Vladimir Tarasov,Jazz,Lithuania,2008,,1199145600,
1008118898,Don't You Know,The Man Who Changed Guitar Forever!,Allan Holdsworth,Rock,US,2017,9:12,1482228800,9.12
922122704,Burundanga,"""Seguimos Alegrando Al Perú""",Various,"Folk, World, & Country",Peru,1975,,157766400,
1129200708,Life Is For Living,Turn Of The Tide,Barclay James Harvest,Rock,France,1981-05-00,2:40,257522200,2.4
1020826907,Firing Up The Sunset Gun,Animal Logic,Animal Logic,Pop,Japan,1989,4:02,599616000,4.02
1019222220,Surrender,Elvis Forever,Elvis Presley,Pop,Germany,,1:52,,1.52
1496278212,La Rosa Dei Venti,La Rosa Dei Venti,Alessio Bonomo,"Folk, World, & Country",Italy,2001,2:20,978207200,2.2
902721019,Interview (London - Brian Matthew),Mythology 1965,The Beatles,Pop,Russia,2002,,1009842200,
988120012,No.9 - Finale,The Sleeping Beauty,André Previn,Classical,,2004,7:22,1072915200,7.22
1414222608,Funk Metal Junk,Depth Charge 8,Various,Pop,Australia,2009,2:41,1220768000,2.41
1412226721,The Marvelous Toy,Your Hit Parade - The Fun-Time '50s & '60s,Various,Pop,US,1992,,725846400,
1462621901,Street Tab (OD404 Remix),Street Tab,RR Fierce,Electronic,UK,2004-06-00,7:07,1086048000,7.07
1291121612,No Matter What,"Old Times Good Times - Medley ""Beatles & Hits Collection""",Flash Band (2),Rock,Brazil,1981,,247155200,
256759700,Times Like These (Acoustic Video),In Your Honor,Foo Fighters,Rock,Mexico,2005,2:50,1104527600,2.5
465525202,With Heaven On Our Side,The Very Best...And Beyond,Foreigner,Rock,Canada,1992,5:16,694224000,5.16
215252707,After Closing The Door,Shake,Primitive Noise,Rock,Spain,1992,4:00,725846400,4
1029527600,Saludo,Una Yerba Pa' Fumar,Montecristo,Non-Music,Panama,1971,,21526000,
802254907,Torna,Musiche Del Piccolo Schermo - Sigle TV,Various,Stage & Screen,Italy,1977,,220924800,
822179906,Dad,PaperSkies,Somepling,Jazz,France,2016-04-16,6:28,1460764800,6.28
987856001,Boom - Boom,Message From My Heart,Mabel (2),Pop,Denmark,1978,,252460800,
1170941901,Absurdity in Everything,Plays the Millennial Blues,Podacter,Rock,US,2015-08-14,,1429510400,
676545400,Untitled,Csövesek,Halalnihil,Non-Music,Hungary,2015-02-15,,1426277600,
1161120701,Proud Mary,Brenda Lee By Request,Brenda Lee,Pop,Japan,1971,,21526000,
1048205500,When Doves Cry,Greatest Hits,Prince,Pop,,,2:49,,2.49
1046121501,"Oh, Humanity",Life As A Clerical Error,Jake Tobin,Rock,US,2015,1:26,1420070400,1.2599999999999999
526992109,Stir It Up,Never Been Rocked Enough,Delbert McClinton,Blues,Netherlands,1992,,694224000,
200015509,Воспоминание О Пехоте,Теперь Толкуют О Деньгах,Константин Тарасов,Pop,Russia,,,,
852492712,Never Saw A Miracle,Heart Rock - Rock Für's Herz Vol. 5,Various,Pop,Germany,1992,2:40,725846400,2.4
417256411,Falsa Saída,Fado A Oitava Cor,Fábia Rebordão,"Folk, World, & Country",Portugal,2011,,1292840000,
257767556,Divinity,Forging The Land Of Thousand Lakes,Amorphis,Rock,Germany,2010-07-09,4:27,1278622600,4.27
252219402,Skew,Nothing But An Underapement,The Ape (4),Rock,Germany,2010-10-10,,1286668800,
1187554600,Mary's Boy Child,Country Christmas Vol.2,The Donnettes,"Folk, World, & Country",,,,,
1122178709,Running To Stand Still,All You Need is Love,U2,Rock,Europe,2017,5:12,1482228800,5.12
55421805,You're The Best Thing That Ever Happened To Me,Greatest Hits,Gladys Knight And The Pips,Funk / Soul,US,1990,2:44,621152000,2.44
828484605,Sherbet Cup,"The Prophet, The Panhandler & The Moon",Raina Rose,"Folk, World, & Country",US,2006,,1126072600,
1549278609,Sweet Temptation,Rare Performances 1946-1981,Merle Travis,"Folk, World, & Country",US,1994,,757282400,
212210401,"""Battle Hymn Of The Republic""",Pioneers In Protest,"Dr. Martin Luther King, Jr.",Non-Music,US,,2:11,,2.11
761850600,Loše Nam Se Piše,Loše Nam Se Piše,Harun Mehmedagić,"Folk, World, & Country",Serbia,2015-10-18,,1445126400,
1164922207,La Part Du Fromage,Devoir D'insolence,Zone D'Expression Populaire,Hip Hop,France,2009,,1220768000,
720621806,Estrelita,Ramblin Rose,Joey Lewis And His Orchestra,"Folk, World, & Country",Trinidad & Tobago,1962,2:29,-220924800,2.29
1220089405,A Minor Event,Haven Street,Haven Street,Jazz,US,2018-05-10,6:27,1525910400,6.27
1541470806,Fox On The Run,Desolation Boulevard,The Sweet,Rock,Australia,1974,,126220400,
802145101,Angel = Ангел,Like A Virgin = Като Дева,Madonna,Electronic,Bulgaria,1988,2:52,567992600,2.5200000000000002
1282890550,Cocaine,Ride Like The Wind,Various,Pop,UK,2018-07-27,,1522649600,
80586901,All That Glitters Isn't Gold,Two Faces Have I,Lou Christie,Pop,US,1962-02-00,2:25,-218246400,2.25
1146920906,The Mighty One,Misty Eyed Adventures,Maire Brennan,"Folk, World, & Country",Indonesia,1994,,757282400,
962697112,HOME,Secrets and White Lies,Jack Howard,Rock,Australia,,,,
429779405,Don't Look Back,The Raw & The Cooked (Ltd Edition Double Album),Fine Young Cannibals,Pop,Spain,1989,,599616000,
887769900,It's Not Right But It's Okay,My Love Is Your Love,Whitney Houston,Hip Hop,Indonesia,1998,4:51,882612800,4.51
250246610,In Your Dreams,Romantic House - The Sound Of Dreamhouse,Various,Electronic,Germany,1996,5:20,820454400,5.2
1511422501,Ascolta Il Tuo Cuore,Ital Trax I151,Various,"Folk, World, & Country",US,1996-11-15,,848016000,
1466745709,Sick And Tired,Pilgrim,Eric Clapton,Rock,Turkey,1998,5:42,882612800,5.42
1252696812,What It Gonna Be Like (Da Next Chapter),Бульвар ... Мечты,Экипаж,Hip Hop,Russia,2004,,1072915200,
1422122201,A Bailar el Dengue,Dengue De Machahuay,Enrique Lynch Y Su Orquesta,"Folk, World, & Country",Peru,,,,
902488004,Shadow Dancing,Summer Jam II,Various,Pop,US,,,,
801480500,Lightning Strikes,The Ultimate Sin,Ozzy Osbourne,Rock,Europe,,,,
921280100,La Guacamaya,La Pistola Y El Corazón,Los Lobos,Latin,Japan,1988-12-05,,597282200,
1208642802,Franks Theme Pt. 2,Educating Rita,David Hentschel,Stage & Screen,Netherlands,1982,2:20,410227200,2.2
892921702,Erasing Concepts,Ominous,Infalling,Rock,US,2016,,1451606400,
1451692128,Intro,Blue Moon Swamp Tour,John Fogerty,Rock,Europe,2006,,1126072600,
1474918202,Born Under A Bad Sign,Rhythm & Blues Night 2009,Booker T & The MG's,Funk / Soul,,,,,
1146591501,Dark Science,Being Alone,Ramiro Lopez,Electronic,Sweden,2018-01-00,,1514764800,
22486002,It'z Uzelezz (Evil Dee Instrumental),It'z Uzelezz,Finsta,Hip Hop,US,1998,4:27,882612800,4.27
1021648410,Cafe Mozart Waltz,Instrumentally Yours,Guy Lombardo And His Royal Canadians,Jazz,US,1959,,-247155200,
222201207,Mechanical M.,Ordine '91-'96,Starfuckers,Rock,Italy,2010,2:28,1262204000,2.2800000000000002
1076984700,Big Dragon,Big Dragon,Nandoo,Electronic,Germany,2014-04-04,,1296569600,
249828214,I'll Sail My Ship Alone,The Greatest Hits Vol. 2,Jerry Lee Lewis,Rock,Europe,1986,2:09,504921600,2.09
120812705,New World Order,Killer Lifestyle,Pong (7),Rock,US,2001,6:58,978207200,6.58
226672001,"Baby, Komm Und Tanz","Bye Bye, Fräulein",Roberto Blanco,Pop,Germany,1976,2:50,189202400,2.5
41207507,大理石の廊下,悪魔城ドラキュラ X ～月下の夜想曲 (Original Game Soundtrack),Michiru Yamane,Stage & Screen,Japan,1997-04-09,1:24,860544000,1.24
1210487802,Zorro Zagas,Revision,Lagartijeando,Electronic,Colombia,2018-11-16,,1542226400,
1027682806,Barafostus' Dreame,Keyboard Music of the English Home 1550-1750,Sally Owen,Classical,UK,,,,
1542704215,Sois Sanctifié,La Taille De Mon Âme,Daniel Darc,Pop,France,2020-05-29,,1590710400,
606892511,I See Your Face,Corazón,Santana,Pop,US,2014,1:19,1288524400,1.19
124945607,The Return,Clin D'Oeil,Jazz Liberatorz,Hip Hop,France,2008,5:14,1199145600,5.14
1462261601,Kolo Iz Požarevca,Narodna Kola,Ansambl Sestara Janković,"Folk, World, & Country",Yugoslavia,1975,,157766400,
1528751244,One Hundred And Rising,The Best Of Talkin' Loud Recordings,Incognito,Pop,Italy,2009,5:55,1220768000,5.55
1210257005,Something About England,Sandinista!,The Clash,Reggae,US,1980,,215522800,
79662510,Jim Clark Was Driving Recklessly,Les Maledictus Sound,Les Maledictus Sound,Pop,Canada,1999,2:15,915148800,2.15
974291817,Oh Mama Mama,Live From Armadillo World Headquarters 1972 And The Capitol Theatre 1975,Commander Cody And His Lost Planet Airmen,"Folk, World, & Country",Germany,2007,2:59,1167609600,2.59
1501710852,Countdown To Extinction (demo),Hell Wasn't Built in a Day: The Complete Remasters,Megadeth,Rock,US,2004-11-16,2:55,1100562200,2.55
1091949208,Nothing Amazes Me,Slang Banging,Kiew Nikon,Hip Hop,Russia,2014,2:52,1288524400,2.5200000000000002
469429611,Ya Estamos Hartos,Vol. 1,Various,Rock,US,2012,1:55,1225276000,1.55
109758202,Alligator,Anthem Of The Sun,The Grateful Dead,Rock,US,1970,11:20,0,11.2
270847904,Perfect,Echo Mountain,K's Choice,Pop,Europe,2010-02-26,,1269561600,
1216864202,Courtesy Callback,With You (Shortly),위스키ᴸᵗᵈ,Electronic,Japan,2018,7:24,1514764800,7.24
1500201702,Dragon Breath,Swingadelic Universe,Slide (24),Electronic,Italy,2018-02-01,7:56,1519862400,7.5600000000000005
794208202,Roller Skate Rag,Funny Girl (The Original Sound Track Recording),Omar Sharif,Stage & Screen,Greece,1968,2:00,-62158400,2
4751802,Terrace Of Memories,Terrace Of Memories,Terrace Of Memories,Electronic,US,,6:48,,6.48
511584915,Hungry Eyes,Saddle Up The Palomino!,The Flying Burrito Bros,Rock,,1998,,882612800,
1404645419,Never Had A Dream Come True,Looking Back,Stevie Wonder,Funk / Soul,US,1977,2:59,220924800,2.59
1426528817,Der Heilär,Einmal Gamer Immer Gamer,Jan Hegenberg,"Folk, World, & Country",Germany,2019,2:45,1546200800,2.45
1288228205,When My Love Comes Down,Temptation,Duke Robillard,Funk / Soul,US,1994,2:47,757282400,2.4699999999999998
787221520,"Ay, Jalisco No Te Rajes",Garibaldi,Garibaldi,Latin,Mexico,1989,,599616000,
1228941487,Le Tango De La Melancolie,"""En Chanson...",Serge Reggiani,"Folk, World, & Country",France,1992,,694224000,
1612800800,Shake,Shake,Ohm Hourani,Electronic,,2020-10-28,14:28,1602842200,14.28
1597276200,Events In Concealment,Deception Ignored,Deathrow,Rock,Russia,,5:20,,5.2
1419824225,Shred Uranium Pussy,Complete Studio Collection,Syphilitic Vaginas,Rock,US,2019-09-17,1:12,1568678400,1.12
841922922,Κύλα Γιαουρτοποταμέ Ή Το Άσπρο Χρώμα - Ορχηστρικό,Εδώ Λιλιπούπολη,Various,"Folk, World, & Country",Greece,,,,
971521217,The 59th Street Bridge Song (Feelin' Groovy),The Concert In Central Park,Simon & Garfunkel,"Folk, World, & Country",US,1982,,278691200,
686616720,Rendez-Vous Avec La Liberté,Montand,Yves Montand,Pop,France,1995,2:09,788918400,2.09
515518626,Life In A Northern Town,80s The Collection - 60 Definitive Hits,Various,Rock,UK & Europe,2012-11-06,4:15,1252160000,4.15
1472276809,愛無止境 = My Heart With Go On,流行天下,Various,Pop,China,1998,,882612800,
1027585200,Hernando's Hideway,16 Tango Favorites,Orchestra Argentina,Latin,Netherlands,,2:28,,2.2800000000000002
455680001,Monarchs,Latitudes And Longitudes,Signals Midwest,Rock,US,2011,,1292840000,
982451202,Lazy,Golden Hits,Marilyn Monroe,Stage & Screen,Europe,,2:22,,2.22
71546507,Lady (Clean Street Version),MTV Party To Go Volume 10,Various,Latin,US,1996,4:25,820454400,4.25
1256179429,Huayno alegre,Latinalainen Amerikka,Various,"Folk, World, & Country",Finland,1998,2:22,882612800,2.22
890228010,Dvanaest Meseci,"Pesme Iz TV Serije ""Na Slovo, Na Slovo""",Various,Children's,Yugoslavia,1985,,472285600,
1562502705,Holy Ground,Meet The Kilkennys - Live,The Kilkennys,"Folk, World, & Country",Ireland,,,,
1188178602,Our Feet,Up For Grabs,Pushed Too Far (2),Rock,Belgium,2010-05-15,,1272881600,
421852607,Why Don't You Find Out For Yourself,In Concert,Morrissey,Rock,Brazil,,,,
22068702,Respect Mine,Shadē Business,PMD,Hip Hop,US,1994,2:22,757282400,2.22
927285204,A Hard Days Night,20 Greatest Hits,The Beatles,Rock,Netherlands,,,,
202741800,Uvod,Balkan Merak,Slonovski Bal,"Folk, World, & Country",France,2002,2:10,1041279200,2.1
1196572404,Scotty Wilson / Donald MacLellan Of Rothesay,Ian Powrie At Home,Ian Powrie,"Folk, World, & Country",UK,1988,,567992600,
1002670704,Stop Playing With My Mind,Disco Ibiza,Various,Electronic,Spain,2000,,946684800,
210948200,Blue Flowers (Bass Christ In The Nite Garden Mix),Bass Christ Bootlegs,Bass Christ,Electronic,UK,2010-01-00,5:01,1262204000,5.01
1274722425,Ráno V Ulicích,Devadesátky To Nejlepší,Various,Pop,Czech Republic & Slovakia,2017,,1482228800,
225556719,Destroying The Locket,Harry Potter And The Deathly Hallows - Part 1,Alexandre Desplat,Stage & Screen,Europe,2010,,1262204000,
192864510,Joose Theme,Sugar Crash Damage,Syphilis Sauna,Electronic,US,2009-08-08,,1249689600,
854208400,Darbari NYC (Diamond Turban Remix),Shiva Moon,Maneesh De Moor,Electronic,Nepal,,6:56,,6.5600000000000005
496644704,"Accompagnato Ed Arioso: ""Vain, Fluctuating State Of Human Empire"" (Nitocris)",Belshazzar,Georg Friedrich Händel,Classical,Germany,1991,5:06,662688000,5.06
1505244010,A Country Boy Can Survive,The Early '80s,Various,"Folk, World, & Country",US,1991,4:17,662688000,4.17
742447002,Got Ya,Riot EP,Response,Electronic,UK,2015-09-04,,1441224800,
894152202,Be Thou My Vision,My Savior's Love,Tommy Coomes Band,"Folk, World, & Country",US,2004,,1072915200,
1088951604,Jimmy Kommt Wieder (1957),Blaues Boot Im Sonnenschein - Original-Schlagerhits Der 50er Jahre,Various,Pop,German Democratic Republic (GDR),1987,2:44,526457600,2.44
776245704,حاسب نفسك = Haseb Nafsak,طُول عُمري,نوال الزغبي,"Folk, World, & Country",France,2001,4:22,978207200,4.22
847824209,The Only One,Good,Morphine (2),Rock,Japan,1992,2:42,725846400,2.42
1165074402,Dolls In The Clock,Every Mothers' Son's Back,Every Mothers' Son,Pop,US,1967,,-94694400,
708465214,Big Buns,E Pluribus Funk / Good Singin' Good Playin',Grand Funk Railroad,Rock,Russia,1998,0:20,882612800,0.2
1559629602,Arise,Redux,Amebix,Rock,US,2010,,1262204000,
1426856700,Ariane,Ariane,Joachim Pastor,Electronic,France,2018-07-27,5:51,1522649600,5.51
1528415001,Piece 2,Avant-garde Has Got Soul Too,Александр Емельянов,Jazz,Russia,2001,,978207200,
872829200,Crazy In Love (MJ Remix Nu Soul No Rap),Crazy In Love (Remixes),Beyoncé,Hip Hop,Finland,2002,6:28,1041279200,6.28
205544600,Just Keep Walking,Greatest Video Hits (1980-1990),INXS,Rock,US,1990,,621152000,
1514991509,Chiu Chiu,Mopar Stereo 8,Various,"Folk, World, & Country",US,,,,
1112258100,A Bailar Oriza,A Bailar Oriza / Palo,Joey Pastrana Y Su Nuevo Sonido,Latin,Colombia,,,,
558209214,Shazam,Greatest Hits Volume 2,The Shadows,Pop,Poland,1990,2:17,621152000,2.17
105686900,"Cello Concerto In E Minor, Op.85",Cello Concerto,Sir Edward Elgar,Classical,UK,1980,,215522800,
1146292901,Warm Velley,Homage To Charlie Parker,The Paris All-Stars,Jazz,Japan,1991-02-21,5:15,667094400,5.15
418408602,Them Belly Full (But We Hungry),Rebel Music,Bob Marley & The Wailers,Reggae,Spain,1986,,504921600,
246192901,Зеленая Трава У Моего Дома (Английская Песня),"Братец, Поделись Со Мной Обедом / Зеленая Трава У Моего Дома",Tom Jones,Pop,USSR,1971,,21526000,
1487842508,M'Bamba,Cote Ouest,Extra Musica,"Folk, World, & Country",France,1997,,852076800,
624027208,Le Disque Usé,Edition La Chanson - Edith Piaf / Vol. VI,Edith Piaf,"Folk, World, & Country",Germany,1980,4:02,215522800,4.02
1176550104,Ain't No Doubt,Gunslinger,Tres Hombres (5),Blues,US,1982,2:47,410227200,2.4699999999999998
658172815,"Here, There And Everywhere",Miss Otis...,Dissipated Eight,"Folk, World, & Country",,,,,
24272409,Artificial Intelligence,Electro Bass Compilation (Volume 1),Dynamix II,Hip Hop,US,1994,2:04,757282400,2.04
206559206,Bagarn Bakar Bröd,Je Suis La Mer,Klabbes Bank,Jazz,Sweden,2009,5:22,1220768000,5.22
982987201,Untitled Track 2,Untitled (Maxi 22),Da Silva,Electronic,France,2019,,1546200800,
1606782004,Πιο Πολύ Για Μένα,Το Απέναντι Μπαλκόνι,Ελένη Βιτάλη,"Folk, World, & Country",Greece,2020,,1577826800,
1529298208,A Field Of Yellow Daisies,"Green, Green Grass Of Home",Tom Jones,Pop,New Zealand,1967,,-94694400,
817545106,The Convention,A History 1952-1960,Dee Clark,Pop,UK,2011,,1292840000,
1197772105,Esperaré Por Tí (I Will Wait For You),El Bello Idioma Del Amor,Buddy Merrill,Pop,Venezuela,,2:21,,2.21
1279248004,"Same Thing, Only Louder",Lake Of Fake - The PRF Singles Club Q7,Various,Rock,US,2014-11-24,,1416787200,
1184902105,Old Movies,Heart Of The City,Tom Grant (2),Jazz,US,1984,,441762200,
961224701,Help Me,Rockapalast Live: Alvin Lee's Ten Years Later,Ten Years Later,Blues,US,2000,,946684800,
252528412,Junky's Life,Siberian Hardcore,Bastards,Rock,Germany,2005,,1104527600,
942026809,Skimbleshanks The Railway Cat,Cats: Selections From The Original Broadway Cast Recording,Andrew Lloyd Webber,Stage & Screen,Japan,1982,,410227200,
256454201,Who Knows I Love You (Instrumental),Who Knows I Love You / Who Knows I Love You (Instrumental),Dimple Hinds All Stars,Reggae,UK,1975,,157766400,
827728906,Love You Till Friday,The Early Mats,The Replacements,Rock,Italy,2011,,1292840000,
718902410,"Like, Wow!",Puke Point At The Juke Joint,Charlie Burton And The Hiccups,Rock,US,1991,2:40,662688000,2.4
1505952202,Stuck On You,Could I Have This Dance,Acker Bilk,Pop,Germany,2002,,1009842200,
225699817,Invisible Kid,St. Anger,Metallica,Rock,Australasia,2002,8:54,1041279200,8.54
122126601,Fabulous Day,Fabulous Day,Redd Angel,Hip Hop,Germany,2001,,978207200,
1295401601,La Reina Del Surf,Vamos A La Playa,Pornosurf,Rock,,2016,,1451606400,
192224206,Brincando De Amar,Kacau Gomes,Kacau Gomes,Pop,Brazil,2000,,946684800,
1191547502,Catalyst (Release 0017),Headline Releases 0009 - 0019,Various,Electronic,Germany,2002,6:26,1009842200,6.26
256211700,Space Voodoo (Original),The Space Voodoo,Marcello Napoletano,Electronic,US,2010-11-22,,1290284000,
1051528001,Mama Don´t Allow No Parkin,School Punks,Brownsville Station,Rock,Spain,1974,,126220400,
147884004,Because Of You (Polar Pair Mix),Because Of You,Michelle Amador,Electronic,UK,2007-10-01,7:22,1191196800,7.22
188550902,Shake Ya Bum Bum,La Bella Mafia (A Cappella),Lil' Kim,Hip Hop,US,2002,2:50,1041279200,2.5
727847422,Auto Zone,Absolutely Live In The Zone,Fall Out Boy,Pop,US,2009-12-05,0:20,1259971200,0.2
654421200,La Mano De Dios,La Mano De Dios,Lucha Villa,"Folk, World, & Country",Spain,1967,2:09,-94694400,2.09
1248121800,Nostalgia,Year One,Various,Hip Hop,US,2019,,1546200800,
247222800,Sweet Baby James,James Taylor (Live),James Taylor (2),"Folk, World, & Country",UK,1992,4:11,725846400,4.11
1128511200,Rock 'N' Roll Damnation,Powerage,AC/DC,Rock,Canada,,2:25,,2.25
428718811,The Best,The Greatest Rock Album Of All Time,Various,Pop,Australia,1992,,694224000,
722584410,Лелеки,Найкращі Пісні,Оксана Білозір,"Folk, World, & Country",Ukraine,2010,,1262204000,
882628814,Dark Knight,Gross Misconduct,Method Of Destruction,Rock,US,1989,5:58,599616000,5.58
1411844511,No Creas En La Mujer,Tortillas Negras (24 Nuggets From Orfeon Records Vaults),Various,Funk / Soul,Mexico,2019,,1546200800,
522245701,Galope,Demo,LeFolex,Rock,Argentina,2012,2:20,1225276000,2.2
147279700,Shadow Believers Pt. I,Shadow Believers,Alex Bau,Electronic,Germany,2008-09-19,,1221782400,
42421200,Riot!!!,Punk Invasion,Total Chaos (2),Rock,US,2001-06-12,0:21,992204000,0.21
1279255260,Bill,"Encore! Great Stars, Great Performances",Various,Stage & Screen,Canada,1986,,504921600,
1461292104,House Of Pleasure,Senseless Deaths,Fatality (17),Rock,US,1995,,788918400,
200261508,Help,20 Grootste Hits,The Beatles,Rock,Netherlands,1982,,278691200,
1579220800,Architects Of Our Fate,Architects of Our Fate,Right Mind,Rock,Australia,2012-08-21,,1246271200,
549566810,After The Storm,After The Storm,"Crosby, Stills & Nash",Rock,Canada,1994,2:24,757282400,2.24
1242514528,Crawling King Snake,The Many Faces Of The Doors,Various,Blues,Argentina,2015,2:41,1420070400,2.41
1026764511,Soldier Of Fortune,Armed Forces,Whitesnake,Rock,Japan,2009,,1220768000,
126095248,Stipe,Maraton,Siddharta (2),Rock,Slovenia,2007-12-10,,1197244800,
1262028801,Be There,Wasted Lines,Ex Norwegian,Rock,US,2014-11-18,2:27,1416268800,2.27
297421014,Electric Nights,Teenage Neon Jungle,Candy (26),Pop,US,2002-08-26,2:27,1061856000,2.27
128291218,For What It's Worth,Old Man Snake And His 19 Friends,Sink (4),Rock,UK,1990,,621152000,
